rs6670198,,rs6670198
rs2986736,,rs2986736
,,
rs198398,,rs198398
rs67934705,,rs67934705
rs6672420,,rs6672420
rs373408129,,chr1:32738415
rs72922276,,rs72922276
rs11161550,,rs11161550
rs35486093,,rs35486093
rs12133753,,rs12133753
rs58394161,,rs58394161
rs11809700,,rs11809700
rs1415069,,rs1415069
rs34723276,,rs34723276
rs11578655,,rs11578655
rs10801908,,rs10801908
rs483180,,rs483180
rs1306378024,,chr1:154983036
rs2317231,,rs2317231
rs3737798,,rs3737798
rs6427540,,rs6427540
rs983494,,rs983494
rs1323292,,rs1323292
rs59655222,,rs59655222
rs9308424,,rs9308424
rs11899404,,rs11899404
rs11125803,,rs11125803
rs13414105,,rs13414105
rs12478539,,rs12478539
rs1177228,,rs1177228
rs13385171,,rs13385171
rs12622670,,rs12622670
rs1681430495,,chr2:112492986
rs57116599,,rs57116599
rs10191360,,rs10191360
rs962052,,rs962052
rs6738544,,rs6738544
rs12614091,,rs12614091
rs35540610,,rs35540610
rs9863496,,rs9863496
rs13327021,,rs13327021
rs438613,,rs438613
rs11919880,,rs11919880
rs9878602,,rs9878602
,,chr3:100848597
rs4325907,,rs4325907
rs2289746,,rs2289746
,,chr3:112693983
rs9843355,,rs9843355
rs2331964,,rs2331964
rs71329256,,rs71329256
rs142407959,,chr3:121783015
rs6789653,,rs6789653
rs1014486,,rs1014486
rs10936182,,rs10936182
rs10936602,,rs10936602
rs2590438,,rs2590438
rs13066789,,rs13066789
rs13136820,,rs13136820
rs6837324,,rs6837324
rs2705616,,rs2705616
rs6533052,,rs6533052
rs2726479,,rs2726479
rs9992763,,rs9992763
rs17051321,,rs17051321
rs72989863,,rs72989863
rs34681760,,rs34681760
rs10063294,,rs10063294
rs11749040,,rs11749040
,,chr5:40429250
rs7731626,,rs7731626
rs32658,,rs32658
rs244656,,rs244656
rs2084007,,rs2084007
rs249677,,rs249677
rs2546890,,rs2546890
rs67111717,,rs67111717
rs12211604,,rs12211604
,,chr6:14691215
rs719316,,rs719316
rs1076928,,rs1076928
rs72928038,,rs72928038
,,chr6:119215402
rs802730,,rs802730
rs959917969,,chr6:130348257
rs2327586,,rs2327586
rs4896153,,rs4896153
rs62420820,,rs62420820
rs631204,,rs631204
rs17780048,,rs17780048
rs6911131,,rs6911131
rs1738074,,rs1738074
rs55858457,,rs55858457
rs10951042,,rs10951042
rs10951154,,rs10951154
rs10245867,,rs10245867
rs60600003,,rs60600003
rs10230723,,rs10230723
,,chr7:50328339
rs73414214,,rs73414214
rs4728142,,rs4728142
rs10271373,,rs10271373
rs354033,,rs354033
rs28703878,,rs28703878
rs1190713420,,chr8:95851818
rs735542,,rs735542
rs6990534,,rs6990534
,,chr8:129177769
rs3923387,,rs3923387
rs7855251,,rs7855251
rs12722559,,rs12722559
rs11256593,,rs11256593
rs1399180,,rs1399180
rs1087056,,rs1087056
rs61863928,,rs61863928
rs17741873,,rs17741873
rs1250551,,rs1250551
rs1112718,,rs1112718
rs35218683,,rs35218683
rs61884005,,rs61884005
rs1848084874,,chr11:14868316
rs1365120,,rs1365120
rs2269434,,rs2269434
rs4939490,,rs4939490
rs11231749,,rs11231749
rs531612,,rs531612
rs4409785,,rs4409785
rs56095240,,rs56095240
rs34026809,,rs34026809
rs12365699,,rs12365699
rs6589706,,rs6589706
,,chr11:118783424
rs6589939,,rs6589939
rs4262739,,rs4262739
rs1800693,,rs1800693
rs12832171,,rs12832171
rs2364485,,rs2364485
rs7977720,,rs7977720
rs701006,,rs701006
rs61708525,,rs61708525
rs3184504,,rs3184504
rs7975763,,rs7975763
rs9591325,,rs9591325
rs9568402,,rs9568402
,,chr13:100026952
rs11852059,,rs11852059
rs12434551,,rs12434551
rs34695601,,rs34695601
,,chr14:88523488
rs12588969,,rs12588969
rs12147246,,rs12147246
rs62013236,,rs62013236
rs6496663,,rs6496663
rs405343,,rs405343
rs2286974,,rs2286974
,,chr16:11213951
,,chr16:11353879
rs34947566,,rs34947566
rs3809627,,rs3809627
rs8062446,,rs8062446
rs12925972,,rs12925972
rs17724508,,rs17724508
rs6564681,,rs6564681
rs35703946,,rs35703946
rs4796224,,rs4796224
rs9909593,,rs9909593
rs883871,,rs883871
rs1026916,,rs1026916
rs7222450,,rs7222450
rs11079784,,rs11079784
rs2150879,,rs2150879
rs9900529,,rs9900529
rs4940730,,rs4940730
rs9955954,,rs9955954
rs2469434,,rs2469434
rs12971909,,rs12971909
rs1077667,,rs1077667
rs34536443,,rs34536443
rs28834106,,rs28834106
rs12609500,,rs12609500
rs58166386,,rs58166386
rs4808760,,rs4808760
rs7260482,,rs7260482
rs11083862,,rs11083862
rs1465697,,rs1465697
rs6072343,,rs6072343
rs4812772,,rs4812772
rs6032662,,rs6032662
rs6020055,,rs6020055
rs2585447,,rs2585447
rs2248137,,rs2248137
rs6742,,rs6742
rs9808753,,rs9808753
rs2836438,,rs2836438
rs9610458,,rs9610458
rs4820955,,rs4820955
rs760517,,rs760517
rs5756405,,rs5756405
rs137955,,rs137955
rs140522,,rs140522
